diagnosis,min,max,mean,median,standarddeviation
B,0.05185,0.09575,0.0628673949579832,0.06154,0.0067473428139250636
M,0.04996,0.09744,0.06268009433962264,0.061575000000000005,0.007573315024808589
